{
    "0": {
        "train_accuracy": 1.0,
        "test_accuracy": 0.9696969696969697
    },
    "1": {
        "train_accuracy": 1.0,
        "test_accuracy": 1.0
    },
    "2": {
        "train_accuracy": 1.0,
        "test_accuracy": 1.0
    },
    "3": {
        "train_accuracy": 1.0,
        "test_accuracy": 0.9705882352941176
    },
    "4": {
        "train_accuracy": 1.0,
        "test_accuracy": 1.0
    },
    "5": {
        "train_accuracy": 1.0,
        "test_accuracy": 0.9361702127659575
    },
    "6": {
        "train_accuracy": 1.0,
        "test_accuracy": 0.9714285714285714
    },
    "7": {
        "train_accuracy": 1.0,
        "test_accuracy": 0.9705882352941176
    },
    "8": {
        "train_accuracy": 1.0,
        "test_accuracy": 0.9666666666666667
    },
    "9": {
        "train_accuracy": 0.9928571428571429,
        "test_accuracy": 0.975
    }
}