{
    "0": {
        "train_accuracy": 1.0,
        "test_accuracy": 1.0
    },
    "1": {
        "train_accuracy": 1.0,
        "test_accuracy": 1.0
    },
    "2": {
        "train_accuracy": 1.0,
        "test_accuracy": 0.9696969696969697
    },
    "3": {
        "train_accuracy": 1.0,
        "test_accuracy": 0.9411764705882353
    },
    "4": {
        "train_accuracy": 1.0,
        "test_accuracy": 0.9782608695652174
    },
    "5": {
        "train_accuracy": 1.0,
        "test_accuracy": 0.9787234042553191
    },
    "6": {
        "train_accuracy": 1.0,
        "test_accuracy": 0.9428571428571428
    },
    "7": {
        "train_accuracy": 1.0,
        "test_accuracy": 0.9705882352941176
    },
    "8": {
        "train_accuracy": 1.0,
        "test_accuracy": 1.0
    },
    "9": {
        "train_accuracy": 1.0,
        "test_accuracy": 0.95
    }
}