{
    "train_accuracy": 0.9631176061238692,
    "test_accuracy": 0.9527777777777777
}