{
    "train_accuracy": 0.9505915100904663,
    "test_accuracy": 0.9472222222222222
}