{
    "0": {
        "train_accuracy": 0.993103448275862,
        "test_accuracy": 1.0
    },
    "1": {
        "train_accuracy": 0.948051948051948,
        "test_accuracy": 0.8928571428571429
    },
    "2": {
        "train_accuracy": 0.9930555555555556,
        "test_accuracy": 1.0
    },
    "3": {
        "train_accuracy": 0.9060402684563759,
        "test_accuracy": 0.9705882352941176
    },
    "4": {
        "train_accuracy": 0.9629629629629629,
        "test_accuracy": 1.0
    },
    "5": {
        "train_accuracy": 0.9111111111111111,
        "test_accuracy": 0.8723404255319149
    },
    "6": {
        "train_accuracy": 0.9794520547945206,
        "test_accuracy": 0.9714285714285714
    },
    "7": {
        "train_accuracy": 0.9379310344827586,
        "test_accuracy": 0.9117647058823529
    },
    "8": {
        "train_accuracy": 0.9027777777777778,
        "test_accuracy": 0.9333333333333333
    },
    "9": {
        "train_accuracy": 0.9714285714285714,
        "test_accuracy": 0.925
    }
}