{
    "train_accuracy": 0.9979123173277662,
    "test_accuracy": 0.9861111111111112
}