{
    "0": {
        "train_accuracy": 1.0,
        "test_accuracy": 1.0
    },
    "1": {
        "train_accuracy": 1.0,
        "test_accuracy": 1.0
    },
    "2": {
        "train_accuracy": 1.0,
        "test_accuracy": 1.0
    },
    "3": {
        "train_accuracy": 1.0,
        "test_accuracy": 0.9705882352941176
    },
    "4": {
        "train_accuracy": 1.0,
        "test_accuracy": 1.0
    },
    "5": {
        "train_accuracy": 0.9925925925925926,
        "test_accuracy": 0.9787234042553191
    },
    "6": {
        "train_accuracy": 1.0,
        "test_accuracy": 1.0
    },
    "7": {
        "train_accuracy": 1.0,
        "test_accuracy": 0.9705882352941176
    },
    "8": {
        "train_accuracy": 1.0,
        "test_accuracy": 0.9666666666666667
    },
    "9": {
        "train_accuracy": 0.9857142857142858,
        "test_accuracy": 0.975
    }
}